first_name,second_name,goals_scored,assists,total_points,minutes,goals_conceded,creativity,influence,threat,bonus,bps,ict_index,clean_sheets,red_cards,yellow_cards,selected_by_percent,now_cost,element_type,value_per_m
David,Raya Martín,0,0,30,450,4,0.2,84.0,0.0,3,104,8.5,3,0,0,41.6,60,GK,5.0
Kepa,Arrizabalaga Revuelta,0,0,0,0,0,0.0,0.0,0.0,0,0,0.0,0,0,0,0.1,49,GK,0.0
Illan,Meslier,0,0,0,0,0,0.0,0.0,0.0,0,0,0.0,0,0,0,0.0,49,GK,0.0
Gabriel,dos Santos Magalhães,0,0,25,450,4,8.9,69.0,84.0,2,91,16.1,3,0,2,23.0,80,DEF,3.1
Jurriën,Timber,0,0,1,104,3,1.9,6.0,0.0,0,-3,0.8,0,0,0,0.3,65,DEF,0.2
William,Saliba,0,0,0,0,0,0.0,0.0,0.0,0,0,0.0,0,0,0,0.2,59,DEF,0.0
Myles,Lewis-Skelly,0,0,9,271,1,40.2,21.6,16.0,0,37,7.0,2,0,0,0.6,55,MID,1.6
Riccardo,Calafiori,0,2,29,416,4,29.0,60.4,46.0,2,77,13.6,3,0,0,50.7,58,DEF,5.0
Piero,Hincapié,0,0,2,32,0,1.0,6.4,2.0,0,6,1.0,0,0,0,0.9,53,DEF,0.4
Benjamin,White,0,1,21,315,1,53.0,69.6,29.0,3,78,15.2,2,0,0,5.5,55,DEF,3.8
Cristhian,Mosquera,0,0,12,168,0,2.0,24.6,0.0,0,52,2.7,2,0,0,1.7,53,DEF,2.3
Bukayo,Saka,3,0,32,416,4,78.8,139.8,204.0,4,137,42.2,3,0,0,13.2,95,MID,3.4
Declan,Rice,0,2,20,411,4,90.3,109.6,4.0,0,91,20.4,3,0,1,12.4,74,MID,2.7
Eberechi,Eze,0,0,4,85,0,3.8,1.8,5.0,0,18,0.9,0,0,0,1.0,63,MID,0.6
Martin,Ødegaard,2,0,29,377,4,160.7,121.8,68.0,6,137,35.1,3,0,0,20.0,68,MID,4.3
Noni,Madueke,0,0,2,23,0,43.9,11.6,0.0,0,11,5.6,0,0,0,0.2,62,MID,0.3
Mikel,Merino Zazón,0,0,4,81,0,3.4,6.6,14.0,0,19,2.4,0,0,1,0.4,58,MID,0.7
Gabriel,Martinelli Silva,0,0,0,0,0,0.0,0.0,0.0,0,0,0.0,0,0,0,0.1,63,MID,0.0
Martín,Zubimendi Ibáñez,0,0,5,89,0,4.2,13.4,11.0,0,18,2.9,0,0,0,0.6,53,MID,0.9
Max,Dowman,0,0,1,9,0,0.0,0.0,0.0,0,5,0.0,0,0,0,0.1,53,MID,0.2
Ethan,Nwaneri,0,0,0,0,0,0.0,0.0,0.0,0,0,0.0,0,0,0,0.0,54,MID,0.0
Fábio,Ferreira Vieira,0,0,0,0,0,0.0,0.0,0.0,0,0,0.0,0,0,0,0.0,55,MID,0.0
Reiss,Nelson,0,0,0,0,0,0.0,0.0,0.0,0,0,0.0,0,0,0,0.0,55,MID,0.0
Viktor,Gyökeres,0,0,2,29,0,0.1,0.0,0.0,0,6,0.0,0,0,0,3.1,72,FWD,0.3
Kai,Havertz,2,0,19,437,4,66.0,84.2,137.0,2,82,28.7,3,0,1,8.5,76,FWD,2.5
Gabriel,Fernando de Jesus,0,0,0,0,0,0.0,0.0,0.0,0,0,0.0,0,0,0,0.2,59,FWD,0.0
Ezri,Konsa Ngoyo,0,0,12,281,4,1.7,34.4,4.0,0,36,4.0,1,0,0,19.4,46,DEF,2.6
Bruno,Guimarães Rodriguez Moura,1,0,9,123,3,4.7,36.8,13.0,1,45,5.4,0,0,0,1.8,67,MID,1.3
Christos,Tzolis,0,2,16,362,4,108.9,51.4,40.0,1,81,20.1,2,0,2,13.1,64,MID,2.5
Marco,Bizot,0,0,1,90,4,0.0,28.2,0.0,0,1,2.8,0,0,0,0.1,45,GK,0.2
Lucas,Digne,0,0,0,0,0,0.0,0.0,0.0,0,0,0.0,0,0,0,0.0,45,DEF,0.0
Matty,Cash,0,0,6,296,7,19.2,32.4,13.0,0,16,6.5,1,0,2,5.0,44,DEF,1.4
Tyrone,Mings,0,0,10,261,4,5.0,32.4,17.0,0,42,5.4,1,0,1,0.4,45,DEF,2.2
Pau,Torres,0,0,3,187,5,1.9,11.2,2.0,0,-4,1.5,0,0,0,0.3,45,DEF,0.7
Lamare,Bogarde,0,0,1,16,0,0.5,2.2,0.0,0,3,0.3,0,0,0,0.1,50,MID,0.2
Ian,Maatsen,0,0,9,335,7,24.5,34.8,43.0,1,22,10.2,1,0,1,0.5,45,DEF,2.0
Victor,Lindelöf,0,0,8,450,9,27.3,55.6,37.0,0,28,12.0,1,0,0,0.3,45,DEF,1.8
Andrés,García,0,0,0,0,0,0.0,0.0,0.0,0,0,0.0,0,0,0,1.6,40,DEF,0.0
Kosta,Nedeljkovic,0,0,0,0,0,0.0,0.0,0.0,0,0,0.0,0,0,0,0.1,40,DEF,0.0
Emiliano,Buendía Stati,1,0,21,401,8,44.2,5.0,24.0,3,70,6.4,1,0,0,0.9,59,MID,3.6
Leon,Bailey,0,0,0,0,0,0.0,0.0,0.0,0,0,0.0,0,0,0,0.1,54,MID,0.0
John,McGinn,0,2,17,434,7,51.4,29.4,15.0,1,66,9.1,2,0,2,2.2,54,MID,3.1
Ross,Barkley,0,0,10,308,8,81.5,41.8,31.0,0,66,15.5,1,0,0,0.3,50,MID,2.0
Boubacar,Kamara,0,1,15,443,7,55.6,47.0,2.0,0,84,10.5,2,0,0,0.3,50,MID,3.0
Amadou,Onana,0,0,0,0,0,0.0,0.0,0.0,0,0,0.0,0,0,0,0.0,49,MID,0.0
Samuel,Iling-Junior,0,0,0,0,0,0.0,0.0,0.0,0,0,0.0,0,0,0,0.0,50,MID,0.0
Bradley,Burrowes,0,0,0,0,0,0.0,0.0,0.0,0,0,0.0,0,0,0,0.6,45,MID,0.0
George,Hemmings,0,0,9,297,7,40.9,25.2,25.0,0,34,9.1,1,0,0,1.2,45,MID,2.0
Alysson Edward Franco,da Rocha dos Santos,1,0,8,87,2,4.9,39.8,25.0,0,34,7.0,0,0,1,0.1,50,MID,1.6
Johan,Manzambi,1,1,14,98,1,4.0,2.6,0.0,2,48,0.7,1,0,0,0.2,59,MID,2.4
Joao,Gomes,0,0,2,129,6,11.0,1.0,0.0,0,11,1.2,0,1,0,0.0,55,MID,0.4
Ollie,Watkins,0,0,0,0,0,0.0,0.0,0.0,0,0,0.0,0,0,0,2.6,78,FWD,0.0
Tammy,Abraham,0,0,4,71,3,3.8,3.2,2.0,0,13,0.9,0,0,0,0.2,55,FWD,0.7
Alejandro,Garnacho Ferreyra,0,0,3,31,0,3.6,1.2,0.0,0,9,0.5,0,0,0,0.3,58,MID,0.5
Nicolas,Jackson,1,0,10,286,2,25.4,5.4,24.0,1,51,5.3,1,0,2,1.2,65,FWD,1.5
Brian,Madjo,0,0,0,0,0,0.0,0.0,0.0,0,0,0.0,0,0,0,0.2,54,FWD,0.0
Matteo,Ruggeri,0,0,5,113,2,2.6,6.6,0.0,0,19,0.9,0,0,0,0.1,45,DEF,1.1
Zion,Suzuki,0,0,16,360,5,0.0,79.4,0.0,3,80,8.0,1,0,0,1.8,50,GK,3.2
Triston,Rowe,0,0,0,0,0,0.0,0.0,0.0,0,0,0.0,0,0,0,0.2,40,DEF,0.0
Luka,Lynch,0,0,0,0,0,0.0,0.0,0.0,0,0,0.0,0,0,0,0.1,45,MID,0.0
Aaron,Wan-Bissaka,0,0,6,152,2,15.0,32.4,0.0,0,24,4.7,0,0,0,0.2,45,DEF,1.3
Leon,Goretzka,0,0,0,0,0,0.0,0.0,0.0,0,0,0.0,0,0,0,0.0,59,MID,0.0
Taylor,Harwood-Bellis,0,0,0,0,0,0.0,0.0,0.0,0,0,0.0,0,0,0,0.0,45,DEF,0.0
Ibrahim,Mbaye,0,0,2,33,3,15.2,9.0,19.0,0,8,4.3,0,0,0,0.1,60,MID,0.3
Đorđe,Petrović,0,0,7,360,7,0.0,74.0,0.0,0,33,7.4,0,0,0,3.0,45,GK,1.6
Fraser,Forster,0,0,0,0,0,0.0,0.0,0.0,0,0,0.0,0,0,0,3.5,40,GK,0.0
Will,Dennis,0,0,0,0,0,0.0,0.0,0.0,0,0,0.0,0,0,0,0.1,40,GK,0.0
James,Hill,0,0,8,360,7,64.2,76.0,6.0,0,28,14.6,0,0,1,0.8,55,DEF,1.5
Adrien,Truffert,0,0,8,360,7,58.7,92.0,34.0,2,47,18.6,0,0,1,3.1,55,DEF,1.5
Bafodé,Diakité,0,0,0,0,0,0.0,0.0,0.0,0,0,0.0,0,0,0,0.2,50,DEF,0.0
Veljko,Milosavljevic,0,0,0,0,0,0.0,0.0,0.0,0,0,0.0,0,0,0,0.0,49,DEF,0.0
Adam,Smith,0,0,2,360,7,43.6,43.6,4.0,0,11,9.1,0,0,3,0.1,45,DEF,0.4
Julián,Araujo Zúñiga,0,0,0,0,0,0.0,0.0,0.0,0,0,0.0,0,0,0,0.0,44,DEF,0.0
Julio,Soler Barreto,0,0,0,0,0,0.0,0.0,0.0,0,0,0.0,0,0,0,0.3,40,DEF,0.0
Rayan Vitor,Simplício Rocha,0,0,8,347,6,33.5,22.0,91.0,0,28,14.7,0,0,0,1.6,63,MID,1.3
Marcus,Tavernier,3,0,29,350,7,127.0,151.0,143.0,8,139,42.1,0,0,2,6.6,61,MID,4.8
Alex,Scott,1,2,28,356,6,105.9,94.6,43.0,5,112,24.3,1,0,1,5.8,61,MID,4.6
Justin,Kluivert,1,0,15,294,3,46.5,62.2,120.0,1,64,22.5,2,0,1,1.0,60,MID,2.5
Lewis,Cook,0,0,7,165,1,15.5,9.0,0.0,0,22,2.5,2,0,1,0.2,50,MID,1.4
Ben,Gannon-Doak,0,0,3,10,1,2.1,3.8,14.0,0,12,2.0,0,0,0,0.1,49,MID,0.6
Tyler,Adams,0,0,8,192,6,19.3,30.4,7.0,0,39,5.7,0,0,0,0.3,50,MID,1.6
David,Brooks,0,0,2,30,2,1.9,4.2,2.0,0,4,0.8,0,0,1,0.1,50,MID,0.4
Ryan,Christie,0,0,3,28,1,14.7,9.4,4.0,0,15,2.8,0,0,0,0.0,50,MID,0.6
Alex,Tóth,0,0,1,15,2,0.6,2.8,0.0,0,5,0.3,0,0,0,0.0,49,MID,0.2
Amine,Adli,0,0,0,0,0,0.0,0.0,0.0,0,0,0.0,0,0,0,0.0,49,MID,0.0
Junior,Kroupi,0,0,0,0,0,0.0,0.0,0.0,0,0,0.0,0,0,0,0.2,74,MID,0.0
Francisco Evanilson,de Lima Barbosa,0,3,16,334,4,79.2,60.4,49.0,0,54,18.8,2,0,1,3.3,60,FWD,2.7
Enes,Ünal,0,0,0,0,0,0.0,0.0,0.0,0,0,0.0,0,0,0,0.0,55,FWD,0.0
Álvaro,Rodríguez,0,0,2,10,1,0.5,0.0,0.0,0,7,0.1,0,0,0,0.1,60,FWD,0.3
António João,Pereira de Albuquerque Tavares da Silva,0,0,10,360,7,8.6,91.8,41.0,0,22,14.1,0,0,1,0.4,50,DEF,2.0
Juanlu,Sánchez,0,0,0,0,0,0.0,0.0,0.0,0,0,0.0,0,0,0,0.2,44,DEF,0.0
Daniel,Jebbison,0,0,2,16,2,0.8,3.4,17.0,0,10,2.1,0,0,0,0.1,50,FWD,0.4
Michele,Di Gregorio,0,0,0,0,0,0.0,0.0,0.0,0,0,0.0,0,0,0,0.0,45,GK,0.0
Caoimhín,Kelleher,0,0,20,450,4,0.0,101.6,0.0,0,97,10.1,2,0,0,6.1,50,GK,4.0
Hákon Rafn,Valdimarsson,0,0,0,0,0,0.0,0.0,0.0,0,0,0.0,0,0,0,0.1,45,GK,0.0
Nathan,Collins,0,0,10,196,1,22.4,40.6,51.0,0,39,11.4,1,0,1,1.0,54,DEF,1.9
Sepp,van den Berg,0,0,0,0,0,0.0,0.0,0.0,0,0,0.0,0,0,0,0.1,49,DEF,0.0
Keane,Lewis-Potter,1,1,22,406,4,94.2,94.6,49.0,3,85,23.7,2,0,0,1.8,55,MID,4.0
Kristoffer,Ajer,0,0,21,450,4,22.7,84.8,45.0,1,73,15.3,2,0,1,4.0,45,DEF,4.7
Michael,Kayode,1,0,23,294,1,31.9,61.2,56.0,1,72,14.9,2,0,0,7.7,46,DEF,5.0
Rico,Henry,0,0,1,2,0,0.0,0.0,0.0,0,3,0.0,0,0,0,0.2,44,DEF,0.2
Aaron,Hickey,0,0,5,152,3,7.5,21.6,6.0,0,17,3.5,0,0,0,0.1,45,DEF,1.1
Kim,Ji-soo,0,0,0,0,0,0.0,0.0,0.0,0,0,0.0,0,0,0,0.0,45,DEF,0.0
Jannik,Schuster,0,1,21,253,3,0.7,39.4,12.0,3,59,5.2,1,0,0,0.2,45,DEF,4.7
Kevin,Schade,3,2,39,447,4,44.5,134.8,129.0,6,138,30.8,2,0,0,8.3,61,MID,6.4
Dango,Ouattara,0,0,7,179,1,59.3,25.2,23.0,0,34,10.8,1,0,0,0.5,63,MID,1.1
Mikkel,Damsgaard,0,1,16,283,1,95.0,34.2,37.0,3,74,16.6,2,0,0,0.4,54,MID,3.0
Mathias,Jensen,0,1,6,66,0,46.2,12.6,13.0,0,22,7.2,1,0,0,0.1,54,MID,1.1
Vitaly,Janelt,2,0,28,450,4,91.7,146.0,45.0,3,109,28.3,2,0,3,2.5,50,MID,5.6
Antoni,Milambo,0,0,0,0,0,0.0,0.0,0.0,0,0,0.0,0,0,0,0.0,50,MID,0.0
Fábio,Freitas Gouveia Carvalho,1,0,6,3,0,0.0,0.0,0.0,0,23,0.0,0,0,0,0.0,50,MID,1.2
Yehor,Yarmoliuk,0,1,9,216,4,39.5,29.6,13.0,0,50,8.3,1,0,1,0.7,48,MID,1.9
Josh,Dasilva,0,0,0,0,0,0.0,0.0,0.0,0,0,0.0,0,0,0,0.0,49,MID,0.0
Jaidon,Anthony,1,0,15,267,3,78.3,28.4,21.0,2,59,12.7,2,0,1,0.1,59,MID,2.5
Igor Thiago,Nascimento Rodrigues,1,0,10,442,4,27.6,20.6,116.0,0,37,16.2,2,0,2,9.0,78,FWD,1.3
Kaye,Furo,0,0,0,0,0,0.0,0.0,0.0,0,0,0.0,0,0,0,1.0,45,FWD,0.0
Callum,Wilson,0,0,3,13,0,10.4,3.2,12.0,0,9,2.6,0,0,0,0.3,54,FWD,0.6
Mamadou,Sangaré,0,2,22,321,3,57.8,74.2,40.0,3,76,16.9,1,0,2,10.8,56,MID,3.9
El Hadji Malick,Diouf,0,0,2,39,0,1.0,3.4,0.0,0,7,0.4,0,0,0,0.1,45,DEF,0.4
Gustavo,Nunes Fernandes Gomes,0,0,0,0,0,0.0,0.0,0.0,0,0,0.0,0,0,0,0.0,45,MID,0.0
Benjamin,Fredrick,0,0,0,0,0,0.0,0.0,0.0,0,0,0.0,0,0,0,0.0,40,DEF,0.0
Ellery,Balcombe,0,0,0,0,0,0.0,0.0,0.0,0,0,0.0,0,0,0,0.0,40,GK,0.0
Bart,Verbruggen,0,0,24,450,5,3.0,93.8,0.0,1,107,9.7,3,0,0,21.7,45,GK,5.3
Jason,Steele,0,0,0,0,0,0.0,0.0,0.0,0,0,0.0,0,0,0,4.2,40,GK,0.0
Ferdi,Kadıoğlu,0,0,13,332,5,44.6,21.8,27.0,0,48,9.4,2,0,1,1.6,44,DEF,3.0
Olivier,Boscagli,0,0,19,437,5,110.5,64.2,19.0,0,94,19.4,3,0,1,0.3,45,DEF,4.2
Maxim,De Cuyper,1,3,37,423,5,138.0,93.8,53.0,4,128,28.6,3,0,2,25.5,49,DEF,7.6
Lewis,Dunk,1,0,22,360,5,14.6,116.2,11.0,1,79,14.3,2,0,1,1.5,45,DEF,4.9
Diego,Coppola,0,0,0,0,0,0.0,0.0,0.0,0,0,0.0,0,0,0,0.0,45,DEF,0.0
Igor Julio,dos Santos de Paulo,0,0,0,0,0,0.0,0.0,0.0,0,0,0.0,0,0,0,0.0,45,DEF,0.0
João Pedro,Loureiro da Costa,0,0,4,68,0,17.0,15.2,18.0,0,18,5.0,0,0,1,0.0,45,DEF,0.9
Michael,Svoboda,0,0,1,4,0,0.0,0.0,0.0,0,5,0.0,0,0,0,0.1,50,DEF,0.2
Mitoma,Kaoru,0,0,0,0,0,0.0,0.0,0.0,0,0,0.0,0,0,0,0.0,59,MID,0.0
Yankuba,Minteh,0,0,0,0,0,0.0,0.0,0.0,0,0,0.0,0,0,0,0.0,59,MID,0.0
Jack,Hinshelwood,2,0,16,63,0,13.4,72.8,59.0,3,54,14.5,1,0,0,0.6,59,MID,2.7
Pascal,Groß,3,4,47,450,5,185.7,152.6,68.0,9,168,40.3,3,0,2,22.7,57,MID,8.2
Georginio,Rutter,0,1,6,104,0,11.4,19.8,15.0,0,26,4.6,1,0,0,0.5,54,FWD,1.1
Matt,O'Riley,0,0,2,10,0,10.5,2.2,0.0,0,6,1.3,0,0,0,0.1,54,MID,0.4
Diego,Gómez Amarilla,0,3,24,433,5,80.8,55.2,122.0,0,80,25.8,3,0,0,4.2,50,MID,4.8
Facundo,Buonanotte,0,0,0,0,0,0.0,0.0,0.0,0,0,0.0,0,0,0,0.0,50,MID,0.0
Yasin,Ayari,1,0,15,333,1,36.6,50.4,51.0,0,68,13.4,3,0,1,0.4,54,MID,2.8
Mats,Wieffer,0,0,7,156,4,35.5,37.0,10.0,1,38,8.3,1,0,0,0.2,49,DEF,1.4
Harry,Howell,0,0,0,0,0,0.0,0.0,0.0,0,0,0.0,0,0,0,0.0,45,MID,0.0
Tom,Watson,0,0,0,0,0,0.0,0.0,0.0,0,0,0.0,0,0,0,0.0,50,MID,0.0
Nehemiah,Oriola,0,0,0,0,0,0.0,0.0,0.0,0,0,0.0,0,0,0,0.2,45,MID,0.0
Zadok,Yohanna,0,0,1,12,0,1.3,0.2,0.0,0,3,0.2,0,0,0,0.0,49,MID,0.2
Stefanos,Tzimas,0,0,0,0,0,0.0,0.0,0.0,0,0,0.0,0,0,0,0.0,54,FWD,0.0
Charalampos,Kostoulas,2,3,28,353,5,27.8,47.6,89.0,3,104,16.3,2,0,1,1.3,55,FWD,5.1
Evan,Ferguson,0,0,0,0,0,0.0,0.0,0.0,0,0,0.0,0,0,0,0.0,50,FWD,0.0
Pascal,Struijk,0,0,7,98,0,0.9,11.4,0.0,0,31,1.2,1,0,1,0.2,49,DEF,1.4
Luka,Vušković,1,0,32,437,5,16.4,107.6,70.0,2,96,19.4,3,0,0,3.2,50,DEF,6.4
Promise,David,0,0,1,23,0,3.7,0.0,4.0,0,-4,0.4,0,0,1,0.2,59,FWD,0.2
Ibrahim,Osman,0,0,3,40,1,17.8,7.2,19.0,0,15,4.2,0,0,0,0.0,50,MID,0.6
Malick,Yalcouyé,2,0,20,236,4,60.0,107.0,105.0,1,93,27.2,1,0,0,4.1,45,MID,4.4
Jaouen,Hadjam,0,0,0,0,0,0.0,0.0,0.0,0,0,0.0,0,0,0,0.0,45,DEF,0.0
Amario,Cozier-Duberry,0,0,0,0,0,0.0,0.0,0.0,0,0,0.0,0,0,0,0.0,50,MID,0.0
José María,Andrés Baixauli,1,1,13,109,0,13.1,18.8,2.0,1,37,3.4,1,0,0,0.0,55,MID,2.4
Femi,Azeez,0,0,0,0,0,0.0,0.0,0.0,0,0,0.0,0,0,0,0.0,55,MID,0.0
Younes,Ibrahim,0,0,0,0,0,0.0,0.0,0.0,0,0,0.0,0,0,0,0.0,45,MID,0.0
Emiliano,Martínez Romero,0,0,9,360,10,20.0,119.0,0.0,0,61,13.9,0,0,0,4.8,50,GK,1.8
Morgan,Rogers,3,1,29,437,12,119.5,149.0,110.0,2,135,37.8,0,0,1,40.1,77,MID,3.8
Jordan,Henderson,0,0,2,90,3,0.0,0.0,0.0,0,16,0.0,0,0,0,0.0,49,MID,0.4
Danny,Welbeck,0,0,4,85,1,10.9,7.2,6.0,0,15,2.4,0,0,0,1.0,59,FWD,0.7
Robert,Lynch Sánchez,0,0,2,90,2,0.0,21.4,0.0,0,6,2.1,0,0,0,0.7,49,GK,0.4
Filip,Jörgensen,0,0,0,0,0,0.0,0.0,0.0,0,0,0.0,0,0,0,0.0,50,GK,0.0
Reece,James,0,0,3,292,7,42.6,56.2,49.0,0,24,14.8,0,0,1,6.4,54,DEF,0.6
Trevoh,Chalobah,0,0,0,0,0,0.0,0.0,0.0,0,0,0.0,0,0,0,0.1,55,DEF,0.0
Malo,Gusto,0,0,4,272,7,37.2,32.0,13.0,0,12,8.2,0,0,0,1.0,50,DEF,0.8
Wesley,Fofana,0,0,8,312,7,28.4,77.6,4.0,0,35,11.0,0,0,1,0.2,50,DEF,1.6
Benoît,Badiashile Mukinayi,0,0,0,0,0,0.0,0.0,0.0,0,0,0.0,0,0,0,0.0,45,DEF,0.0
Jorrel,Hato,0,2,8,258,9,47.1,77.0,15.0,0,14,14.0,0,0,0,0.9,45,DEF,1.8
Levi,Samuels Colwill,0,0,3,341,9,14.2,46.0,11.0,0,17,7.2,0,0,1,0.9,48,DEF,0.6
Mamadou,Sarr,0,0,0,0,0,0.0,0.0,0.0,0,0,0.0,0,0,0,0.0,45,DEF,0.0
Josh,Acheampong,0,0,5,221,7,4.1,41.6,6.0,0,5,5.1,0,0,0,0.4,45,DEF,1.1
Marco,Palestra,0,0,0,0,0,0.0,0.0,0.0,0,0,0.0,0,0,0,0.6,53,DEF,0.0
Cole,Palmer,2,2,28,442,12,120.0,131.6,124.0,3,148,37.6,0,0,1,26.9,97,MID,2.9
Pedro,Lomba Neto,1,0,14,332,8,84.8,72.4,83.0,0,81,24.0,0,0,0,1.4,65,MID,2.2
Estêvão,Almeida de Oliveira Gonçalves,0,0,4,23,1,1.3,8.4,38.0,0,17,4.9,0,0,0,0.7,63,MID,0.6
Jamie,Bynoe-Gittens,0,0,0,0,0,0.0,0.0,0.0,0,0,0.0,0,0,0,0.0,59,MID,0.0
Moisés,Caicedo Corozo,0,0,1,13,0,0.1,0.0,0.0,0,3,0.0,0,0,0,1.1,53,MID,0.2
Roméo,Lavia,1,0,11,258,8,29.1,65.8,66.0,0,61,16.1,0,0,1,0.2,50,MID,2.2
Dário,Luís Essugo,0,0,0,0,0,0.0,0.0,0.0,0,0,0.0,0,0,0,0.1,45,MID,0.0
Geovany,Quenda,0,0,2,27,2,0.3,1.2,2.0,0,5,0.4,0,0,0,0.0,53,MID,0.4
João Pedro,Junqueira de Jesus,3,3,33,360,9,90.0,158.4,123.0,7,141,37.0,0,0,1,68.1,78,FWD,4.2
Marc,Guiu Paz,0,0,0,0,0,0.0,0.0,0.0,0,0,0.0,0,0,0,0.2,50,FWD,0.0
Shumaira,Mheuka,0,0,0,0,0,0.0,0.0,0.0,0,0,0.0,0,0,0,0.5,45,FWD,0.0
Emmanuel,Emegha,0,0,0,0,0,0.0,0.0,0.0,0,0,0.0,0,0,0,0.1,50,FWD,0.0
Maxence,Lacroix,0,1,13,364,10,12.6,86.8,10.0,0,28,10.9,0,0,1,6.9,59,DEF,2.2
Mike,Penders,0,0,0,0,0,0.0,0.0,0.0,0,0,0.0,0,0,0,0.1,44,GK,0.0
Aaron,Anselmino,0,0,0,0,0,0.0,0.0,0.0,0,0,0.0,0,0,0,0.0,45,DEF,0.0
Valentín,Barco,0,0,3,115,3,2.9,1.6,6.0,0,29,0.9,0,0,1,0.1,54,MID,0.6
Pep,Chavarría,0,0,5,208,4,4.2,13.2,8.0,0,17,2.6,0,0,0,0.1,49,DEF,1.0
Mahdi,Nicoll-Jazuli,0,0,1,3,1,0.0,0.0,0.0,0,5,0.0,0,0,0,0.0,45,MID,0.2
Ethan,Pinnock,0,0,7,195,7,1.4,40.0,10.0,0,-6,5.2,0,0,1,0.1,45,DEF,1.6
Frank,Onyeka,0,0,7,227,7,2.9,10.2,21.0,0,27,3.4,0,0,0,0.1,49,MID,1.4
Carl,Rushworth,0,0,6,363,10,0.0,61.6,0.0,0,23,6.2,0,0,0,0.8,45,GK,1.3
Oliver,Dovin,0,0,0,0,0,0.0,0.0,0.0,0,0,0.0,0,0,0,1.0,40,GK,0.0
Ben,Wilson,0,0,0,0,0,0.0,0.0,0.0,0,0,0.0,0,0,0,0.4,44,GK,0.0
Bobby,Thomas,0,0,16,350,9,33.1,67.6,48.0,2,44,14.8,1,0,0,8.6,40,DEF,4.0
Liam,Kitching,0,0,0,0,0,0.0,0.0,0.0,0,0,0.0,0,0,0,0.4,40,DEF,0.0
Milan,van Ewijk,0,0,6,360,10,52.7,61.6,14.0,0,7,12.8,0,0,1,9.4,40,DEF,1.5
Jay,Dasilva,0,0,6,357,10,52.0,63.6,17.0,0,17,13.4,0,0,0,0.7,40,DEF,1.5
Kaine,Kesler-Hayden,0,0,0,0,0,0.0,0.0,0.0,0,0,0.0,0,0,0,0.0,39,DEF,0.0
Jake,Bidwell,0,0,0,0,0,0.0,0.0,0.0,0,0,0.0,0,0,0,0.1,40,DEF,0.0
Joel,Latibeaudiere,0,0,0,0,0,0.0,0.0,0.0,0,0,0.0,0,0,0,0.0,40,DEF,0.0
Luke,Woolfenden,0,0,0,0,0,0.0,0.0,0.0,0,0,0.0,0,0,0,0.1,40,DEF,0.0
Miguel,Brau,0,0,0,0,0,0.0,0.0,0.0,0,0,0.0,0,0,0,0.0,40,DEF,0.0
Aurèle,Amenda,0,0,4,360,10,14.5,62.8,15.0,0,-3,9.4,0,0,1,0.7,40,DEF,1.0
Jack,Rudoni,0,0,9,227,4,115.5,37.6,79.0,0,37,23.2,1,0,0,0.1,49,MID,1.8
Matt,Grimes,0,0,9,356,9,32.7,51.8,5.0,0,48,8.9,0,0,0,0.1,49,MID,1.8
Tatsuhiro,Sakamoto,0,0,1,31,1,5.9,6.2,7.0,0,8,1.9,0,0,0,0.1,48,MID,0.2
Ephron,Mason-Clark,0,0,5,189,3,17.8,10.2,46.0,0,16,7.2,0,0,0,0.1,54,MID,0.9
Josh,Eccles,0,0,0,0,0,0.0,0.0,0.0,0,0,0.0,0,0,0,0.0,49,MID,0.0
Victor,Torp,0,0,3,53,2,20.4,7.2,0.0,0,13,2.7,0,0,0,0.1,53,MID,0.6
George,Shepherd,0,0,0,0,0,0.0,0.0,0.0,0,0,0.0,0,0,0,0.3,44,MID,0.0
Loum,Tchaouna,0,0,4,166,3,49.3,17.0,29.0,0,27,9.6,0,0,0,0.1,54,MID,0.7
Raphael,Borges Rodrigues,0,0,0,0,0,0.0,0.0,0.0,0,0,0.0,0,0,0,0.1,45,MID,0.0
Kai,Andrews,0,0,0,0,0,0.0,0.0,0.0,0,0,0.0,0,0,0,0.3,45,MID,0.0
Haji,Wright,0,0,0,0,0,0.0,0.0,0.0,0,0,0.0,0,0,0,0.1,54,FWD,0.0
Brandon,Thomas-Asante,0,0,6,140,6,3.9,14.0,30.0,0,30,4.9,0,0,0,0.7,50,FWD,1.2
Ellis,Simms,0,0,3,88,3,22.3,7.6,37.0,0,10,6.7,0,0,0,0.7,50,FWD,0.6
Jahnoah,Markelo,0,0,0,0,0,0.0,0.0,0.0,0,0,0.0,0,0,0,0.0,50,FWD,0.0
Norman,Bassette,0,0,0,0,0,0.0,0.0,0.0,0,0,0.0,0,0,0,0.0,45,FWD,0.0
Taiwo,Awoniyi,0,0,3,232,7,46.2,13.6,78.0,0,11,13.6,0,1,0,0.4,54,FWD,0.6
Caleb,Yirenkyi,0,0,7,178,5,29.9,10.4,7.0,0,29,4.3,1,0,1,0.1,49,MID,1.4
Gustavo,Hamer,0,0,3,32,1,1.8,0.6,0.0,0,6,0.3,0,0,0,0.1,54,MID,0.6
Sidiki,Cherif,0,0,1,30,3,0.2,1.0,0.0,0,3,0.1,0,0,0,0.1,50,FWD,0.2
Dan,Bentley,0,0,0,0,0,0.0,0.0,0.0,0,0,0.0,0,0,0,0.6,40,GK,0.0
Yann,Gboho,0,0,0,0,0,0.0,0.0,0.0,0,0,0.0,0,0,0,0.0,55,MID,0.0
Stephen,Mfuni,0,0,1,3,0,0.0,0.0,0.0,0,3,0.0,0,0,0,0.1,40,DEF,0.2
Evann,Guessand,0,0,2,54,1,2.1,5.4,7.0,0,6,1.5,0,0,0,0.0,54,MID,0.4
Axel,Disasi,0,0,1,139,6,13.4,34.8,2.0,0,-6,5.0,0,1,0,0.1,45,DEF,0.2
Dean,Henderson,0,0,5,270,8,0.0,96.8,0.0,0,37,9.6,0,0,0,1.4,50,GK,1.0
Walter,Benítez,0,0,2,90,3,0.0,18.8,0.0,0,3,1.9,0,0,0,0.1,45,GK,0.4
Chris,Richards,0,0,6,360,11,7.2,108.8,24.0,0,19,13.9,0,0,1,0.6,50,DEF,1.2
Jaydee,Canvot,0,0,2,270,8,8.1,63.2,5.0,0,12,7.6,0,0,0,0.2,48,DEF,0.4
Tyrick,Mitchell,2,0,17,329,10,64.2,109.0,56.0,2,38,22.9,0,0,0,6.1,45,DEF,3.8
Borna,Sosa,0,0,0,0,0,0.0,0.0,0.0,0,0,0.0,0,0,0,0.0,45,DEF,0.0
Chadi,Riad Dnanou,0,0,1,72,2,1.3,12.6,0.0,0,7,1.4,0,0,0,0.0,43,DEF,0.2
Oscar,Mingueza,0,0,2,16,1,0.4,3.2,0.0,0,5,0.3,0,0,0,0.1,44,DEF,0.5
Ismaïla,Sarr,0,0,0,0,0,0.0,0.0,0.0,0,0,0.0,0,0,0,0.6,62,MID,0.0
Adam,Wharton,0,0,10,346,10,70.2,53.0,5.0,0,64,12.9,0,0,0,0.8,55,MID,1.8
Yéremy,Pino Santos,0,2,12,226,6,85.8,20.8,23.0,0,60,13.0,0,0,0,0.4,55,MID,2.2
Will,Hughes,0,0,2,29,1,15.3,8.0,0.0,0,9,2.4,0,0,0,7.7,44,MID,0.5
Jefferson,Lerma Solís,0,0,1,6,1,0.3,2.2,0.0,0,3,0.3,0,0,0,0.1,49,MID,0.2
Daichi,Kamada,0,3,18,351,10,77.2,93.8,15.0,0,97,18.6,0,0,1,0.5,50,MID,3.6
Justin,Devenny,0,0,0,0,0,0.0,0.0,0.0,0,0,0.0,0,0,0,0.0,50,MID,0.0
Romain,Esse,0,0,0,0,0,0.0,0.0,0.0,0,0,0.0,0,0,0,0.0,50,MID,0.0
Matheus,França de Oliveira,0,0,0,0,0,0.0,0.0,0.0,0,0,0.0,0,0,0,0.0,49,MID,0.0
Cheick,Doucouré,0,0,0,0,0,0.0,0.0,0.0,0,0,0.0,0,0,0,0.0,49,MID,0.0
Jesurun,Rak-Sakyi,0,0,0,0,0,0.0,0.0,0.0,0,0,0.0,0,0,0,0.0,49,MID,0.0
Rio,Cardines,0,0,0,0,0,0.0,0.0,0.0,0,0,0.0,0,0,0,0.0,45,DEF,0.0
Joél,Drakes-Thomas,0,0,0,0,0,0.0,0.0,0.0,0,0,0.0,0,0,0,0.1,45,MID,0.0
Jørgen,Strand Larsen,1,0,12,217,5,17.4,49.4,52.0,2,59,12.0,0,0,0,0.6,60,FWD,2.0
Jean-Philippe,Mateta,0,0,2,62,2,12.3,1.4,11.0,0,-3,2.5,0,0,0,1.4,63,FWD,0.3
Eddie,Nketiah,0,1,7,167,7,45.8,34.2,50.0,0,36,13.0,0,0,0,0.5,55,FWD,1.3
Christantus,Uche,0,0,0,0,0,0.0,0.0,0.0,0,0,0.0,0,0,0,0.0,50,FWD,0.0
Dwight,McNeil,0,0,3,84,3,5.0,10.0,2.0,0,13,1.7,0,0,0,0.1,54,MID,0.6
Remi,Matthews,0,0,0,0,0,0.0,0.0,0.0,0,0,0.0,0,0,0,1.7,40,GK,0.0
Takehiro,Tomiyasu,0,0,2,144,5,5.0,25.2,6.0,0,6,3.7,0,0,0,0.3,44,DEF,0.5
Anan,Khalaili,1,0,13,289,8,46.3,112.4,46.0,0,31,20.5,0,0,1,0.3,50,DEF,2.6
Zavier,Gozo,0,0,2,28,2,1.6,1.4,0.0,0,6,0.3,0,0,0,0.0,50,MID,0.4
Honest,Ahanor,0,0,3,90,3,11.9,24.6,4.0,0,10,4.1,0,0,0,0.0,45,DEF,0.7
Ben,Chilwell,1,0,8,29,1,4.2,33.4,21.0,0,21,5.9,0,0,0,0.5,45,DEF,1.8
Quinten,Timber,0,0,6,163,5,5.1,29.4,28.0,0,32,6.2,0,0,0,0.0,50,MID,1.2
Darío,Osorio,0,0,1,1,0,0.3,2.0,0.0,0,2,0.2,0,0,0,0.0,55,MID,0.2
Christian,Nørgaard,0,0,0,0,0,0.0,0.0,0.0,0,0,0.0,0,0,0,0.0,49,MID,0.0
Brennan,Johnson,0,0,9,238,1,52.2,23.0,15.0,0,26,9.0,2,0,1,0.1,59,MID,1.5
Jordan,Pickford,0,0,25,450,3,0.0,84.2,0.0,1,122,8.5,3,0,0,9.0,55,GK,4.5
Mark,Travers,0,0,0,0,0,0.0,0.0,0.0,0,0,0.0,0,0,0,0.0,50,GK,0.0
Tom,King,0,0,0,0,0,0.0,0.0,0.0,0,0,0.0,0,0,0,0.0,45,GK,0.0
James,Tarkowski,1,1,43,450,3,14.9,113.6,29.0,7,138,15.7,3,0,0,14.2,61,DEF,7.0
Jarrad,Branthwaite,0,0,27,450,3,6.3,112.8,73.0,0,97,19.1,3,0,0,2.3,55,DEF,4.9
Michael,Keane,0,0,0,0,0,0.0,0.0,0.0,0,0,0.0,0,0,0,0.8,48,DEF,0.0
Jake,O'Brien,0,0,2,16,0,0.0,1.0,0.0,0,5,0.1,0,0,0,0.3,49,DEF,0.4
Vitalii,Mykolenko,0,0,27,450,3,28.6,86.8,6.0,3,109,12.2,3,0,1,4.2,46,DEF,5.9
Nathan,Patterson,0,0,0,0,0,0.0,0.0,0.0,0,0,0.0,0,0,0,0.0,45,DEF,0.0
Adam,Aznou,0,0,0,0,0,0.0,0.0,0.0,0,0,0.0,0,0,0,0.1,40,DEF,0.0
Kiernan,Dewsbury-Hall,1,0,20,450,3,129.6,101.2,97.0,3,110,32.8,3,0,1,6.2,66,MID,3.0
Jack,Grealish,0,0,6,135,1,14.1,10.4,12.0,0,36,3.7,1,0,0,0.4,65,MID,0.9
James,Garner,0,0,11,328,2,49.1,41.4,9.0,0,69,10.1,2,0,2,0.2,60,MID,1.8
Tyrique,George,1,0,19,309,3,85.4,63.6,71.0,3,77,22.0,2,0,0,1.0,55,MID,3.5
Carlos,Alcaraz Durán,0,0,1,5,0,0.8,5.0,25.0,0,5,2.7,0,0,1,0.1,49,MID,0.2
Harrison,Armstrong,0,1,16,446,3,38.2,57.6,15.0,0,61,11.2,3,0,2,0.4,50,MID,3.2
Tyler,Dibling,0,0,1,24,0,0.0,0.0,0.0,0,10,0.0,0,0,0,0.0,54,MID,0.2
Merlin,Röhl,0,0,6,249,2,32.1,26.6,2.0,0,35,6.1,1,0,1,0.0,49,MID,1.2
Hayden,Hackney,0,1,10,137,1,49.9,40.2,21.0,0,39,11.1,1,0,0,0.2,55,MID,1.8
Norberto Bercique,Gomes Betuncal,0,0,2,31,0,0.3,3.0,5.0,0,5,0.8,0,0,0,0.7,54,FWD,0.4
Thierno,Barry,2,0,20,417,3,59.7,51.4,180.0,2,83,29.1,3,0,0,7.9,56,FWD,3.6
Ainsley,Maitland-Niles,1,0,21,177,1,12.8,43.4,8.0,2,75,6.4,2,0,0,1.0,45,DEF,4.7
Braiden,Graham,0,0,0,0,0,0.0,0.0,0.0,0,0,0.0,0,0,0,0.1,45,MID,0.0
Bernd,Leno,0,0,15,360,7,0.0,93.0,0.0,2,59,9.3,1,0,0,3.2,45,GK,3.3
Benjamin,Lecomte,0,0,0,0,0,0.0,0.0,0.0,0,0,0.0,0,0,0,1.1,40,GK,0.0
Alfie,McNally,0,0,0,0,0,0.0,0.0,0.0,0,0,0.0,0,0,0,0.1,40,GK,0.0
Joachim,Andersen,0,0,2,180,4,35.8,42.2,8.0,0,12,8.6,0,0,1,0.1,50,DEF,0.4
Antonee,Robinson,0,0,10,339,7,76.7,63.6,18.0,0,46,15.8,1,0,0,1.4,45,DEF,2.2
Jorge,Cuenca Barreno,0,0,3,90,3,21.3,32.8,0.0,0,7,5.4,0,0,0,0.0,45,DEF,0.7
Kenny,Tete,0,0,0,27,0,0.3,1.6,2.0,0,-1,0.4,0,0,1,0.2,44,DEF,0.0
Calvin,Bassey,0,0,9,360,7,13.5,70.4,23.0,0,43,10.7,1,0,1,0.7,45,DEF,2.0
Timothy,Castagne,0,2,19,318,6,53.4,69.8,55.0,0,61,17.8,2,0,1,0.9,45,DEF,4.2
Alex,Iwobi,0,0,9,338,7,104.2,39.6,23.0,0,67,16.7,1,0,0,0.6,54,MID,1.7
Emile,Smith Rowe,0,0,3,38,0,23.8,6.6,9.0,0,11,4.0,0,0,0,0.2,54,MID,0.6
Kevin,Santos Lopes de Macedo,0,0,3,42,0,6.7,5.4,1.0,0,8,1.3,0,0,0,0.0,53,MID,0.6
Oscar,Bobb,0,0,10,273,6,115.0,38.0,69.0,0,47,22.2,2,0,0,0.3,55,MID,1.8
Sander,Berge,0,0,8,273,5,65.6,41.4,15.0,0,51,12.2,1,0,0,0.3,49,MID,1.6
Tom,Cairney,0,0,0,0,0,0.0,0.0,0.0,0,0,0.0,0,0,0,0.0,49,MID,0.0
Josh,King,2,0,22,346,7,60.4,108.2,133.0,3,99,30.2,1,0,0,2.1,55,MID,4.0
Ryan,Sessegnon,0,0,3,50,1,26.3,17.2,31.0,0,13,7.5,0,0,0,0.3,44,DEF,0.7
Harrison,Reed,0,0,0,0,0,0.0,0.0,0.0,0,0,0.0,0,0,0,1.1,44,MID,0.0
Rodrigo,Muniz Carvalho,0,0,3,28,0,21.9,11.2,36.0,0,15,6.9,0,0,0,0.4,54,FWD,0.6
Jonah,Kusi-Asare,0,0,0,0,0,0.0,0.0,0.0,0,0,0.0,0,0,0,5.6,45,FWD,0.0
Gonzalo,García,1,0,12,346,7,32.0,53.0,113.0,0,50,19.8,1,0,0,3.7,60,FWD,2.0
César,Palacios,1,0,11,207,6,22.3,39.6,62.0,1,43,12.4,0,0,1,0.2,54,MID,2.0
Shea,Charles,0,0,9,213,4,42.7,45.4,14.0,0,44,10.2,1,0,0,0.1,50,MID,1.8
Luc,De Fougerolles,0,0,0,0,0,0.0,0.0,0.0,0,0,0.0,0,0,0,0.1,40,DEF,0.0
Macaulay,Zepa,0,0,0,0,0,0.0,0.0,0.0,0,0,0.0,0,0,0,0.3,45,MID,0.0
Hugo,Larsson,0,0,2,24,0,1.8,3.6,9.0,0,6,1.5,0,0,0,0.0,50,MID,0.4
Manuel Ángel,Morán Ibáñez,0,0,0,0,0,0.0,0.0,0.0,0,0,0.0,0,0,0,0.0,50,MID,0.0
David,Affengruber,0,0,8,90,0,3.3,18.6,0.0,0,23,2.2,1,0,0,0.0,45,DEF,1.8
Tim,Iroegbunam,0,0,2,70,0,0.2,3.0,0.0,0,10,0.3,0,0,1,0.0,50,MID,0.4
Dillon,Phillips,0,0,0,0,0,0.0,0.0,0.0,0,0,0.0,0,0,0,1.4,40,GK,0.0
Jack,Butland,0,0,0,0,0,0.0,0.0,0.0,0,0,0.0,0,0,0,0.1,45,GK,0.0
Harvey,Cartwright,0,0,0,0,0,0.0,0.0,0.0,0,0,0.0,0,0,0,0.0,40,GK,0.0
Thimothée,Lo-Tutala,0,0,0,0,0,0.0,0.0,0.0,0,0,0.0,0,0,0,0.0,40,GK,0.0
John,Egan,0,0,26,437,4,1.1,96.8,8.0,1,71,10.7,3,0,1,7.1,41,DEF,6.3
Charlie,Hughes,0,0,0,0,0,0.0,0.0,0.0,0,0,0.0,0,0,0,0.2,39,DEF,0.0
Semi,Ajayi,1,0,27,423,4,3.0,76.2,41.0,2,79,12.0,3,0,1,14.3,42,DEF,6.4
Lewie,Coyle,0,0,14,348,4,27.1,17.4,5.0,0,49,5.0,2,0,1,0.7,40,DEF,3.5
Cody,Drameh,0,0,2,65,0,0.4,6.4,1.0,0,8,0.8,0,0,0,0.0,40,DEF,0.5
Ryan,Giles,0,1,24,444,4,93.7,70.6,6.0,2,94,17.1,3,0,1,2.9,40,DEF,6.0
Matty,Jacob,0,0,0,0,0,0.0,0.0,0.0,0,0,0.0,0,0,0,0.0,40,DEF,0.0
Cathal,McCarthy,0,0,0,0,0,0.0,0.0,0.0,0,0,0.0,0,0,0,0.1,40,DEF,0.0
Paddy,McNair,0,0,1,26,0,0.0,4.2,0.0,0,3,0.4,0,0,0,0.1,40,DEF,0.2
Mohamed,Belloumi,2,2,31,394,3,38.4,124.8,59.0,2,113,22.2,3,0,1,4.4,51,MID,6.1
Liam,Millar,1,0,6,50,0,1.1,36.0,15.0,0,26,5.2,0,0,1,0.0,50,MID,1.2
Kieran,Dowell,0,0,0,0,0,0.0,0.0,0.0,0,0,0.0,0,0,0,0.3,45,MID,0.0
Matt,Crooks,0,0,3,203,4,2.8,30.0,0.0,0,17,3.2,1,0,3,0.5,44,MID,0.7
Regan,Slater,0,1,15,437,4,61.3,58.0,17.0,0,67,13.7,3,0,1,5.4,45,MID,3.3
Eliot,Matazo,0,0,0,0,0,0.0,0.0,0.0,0,0,0.0,0,0,0,0.0,45,MID,0.0
Abdülkadir,Ömür,0,0,0,0,0,0.0,0.0,0.0,0,0,0.0,0,0,0,0.0,49,MID,0.0
Abu,Kamara,0,0,0,0,0,0.0,0.0,0.0,0,0,0.0,0,0,0,0.0,50,MID,0.0
Óscar,Zambrano,0,0,0,0,0,0.0,0.0,0.0,0,0,0.0,0,0,0,0.1,45,MID,0.0
Oli,McBurnie,0,2,14,441,4,56.5,44.2,94.0,0,56,19.4,3,0,2,2.0,55,FWD,2.5
David,Akintola,0,0,0,0,0,0.0,0.0,0.0,0,0,0.0,0,0,0,0.0,50,MID,0.0
Darko,Gyabi,0,0,0,0,0,0.0,0.0,0.0,0,0,0.0,0,0,0,0.0,45,MID,0.0
Enis,Destan,0,0,0,0,0,0.0,0.0,0.0,0,0,0.0,0,0,0,0.2,45,FWD,0.0
Mason,Burstow,0,0,0,0,0,0.0,0.0,0.0,0,0,0.0,0,0,0,0.0,45,FWD,0.0
Joe,Gelhardt,0,0,1,7,0,0.0,0.0,0.0,0,5,0.0,0,0,0,0.0,50,MID,0.2
Matt,Targett,0,0,1,5,0,0.0,0.4,0.0,0,3,0.0,0,0,0,1.7,40,DEF,0.2
Hidemasa,Morita,0,0,1,45,0,13.4,11.0,0.0,0,6,2.4,0,0,0,0.0,50,MID,0.2
Konstantinos,Tzolakis,0,0,34,450,4,0.0,101.8,0.0,6,128,10.2,3,0,1,11.6,46,GK,7.4
Jens,Hjertø-Dahl,0,0,1,8,0,0.0,0.0,0.0,0,4,0.0,0,0,0,0.1,49,MID,0.2
Elliot,Stroud,0,0,7,249,1,22.7,8.4,12.0,0,17,3.8,2,0,1,0.1,50,MID,1.4
Lucas,Herrington,0,0,5,197,3,0.7,19.2,0.0,0,19,2.0,0,0,0,0.6,40,DEF,1.2
Nobel,Mendy,1,0,25,249,1,1.4,108.2,54.0,1,69,16.4,2,0,0,6.4,41,DEF,6.1
Lucas,Gourna-Douath,0,0,4,138,0,22.5,26.2,0.0,0,18,4.9,1,0,1,0.0,50,MID,0.8
Mohamed-Ali,Cho,1,0,9,72,1,18.8,10.6,38.0,0,36,6.8,0,0,0,0.0,50,MID,1.8
Ilyas,Ansah,0,0,0,0,0,0.0,0.0,0.0,0,0,0.0,0,0,0,0.0,50,FWD,0.0
Robinio,Vaz,0,0,2,20,0,0.5,0.0,0.0,0,8,0.0,0,0,0,0.1,50,FWD,0.4
Brooke,Norton-Cuffy,0,0,1,34,0,0.6,2.2,9.0,0,3,1.2,0,0,1,0.3,40,DEF,0.2
Sorba,Thomas,0,0,4,119,3,25.6,8.8,4.0,0,15,3.8,0,0,0,0.0,55,MID,0.7
Christos,Mouzakitis,0,0,0,0,0,0.0,0.0,0.0,0,0,0.0,0,0,0,0.0,50,MID,0.0
Issa,Diop,0,0,12,450,11,13.7,90.2,4.0,0,45,10.8,0,0,0,13.2,40,DEF,3.0
Saša,Lukić,0,1,11,400,10,64.4,61.4,6.0,0,67,13.2,0,0,2,0.1,50,MID,2.2
Christian,Walton,0,0,2,90,1,0.0,0.0,0.0,0,10,0.0,0,0,0,0.4,44,GK,0.5
Alex,Palmer,0,0,0,0,0,0.0,0.0,0.0,0,0,0.0,0,0,0,4.0,40,GK,0.0
David,Button,0,0,0,0,0,0.0,0.0,0.0,0,0,0.0,0,0,0,0.6,40,GK,0.0
Cédric,Kipré,0,0,0,0,0,0.0,0.0,0.0,0,0,0.0,0,0,0,0.9,39,DEF,0.0
Dara,O'Shea,0,0,10,450,11,60.5,101.4,19.0,0,23,18.0,0,0,0,2.8,40,DEF,2.5
Leif,Davis,2,2,25,450,11,55.6,134.4,108.0,1,52,29.9,0,0,0,6.8,40,DEF,6.2
Jacob,Greaves,0,0,3,357,10,16.9,68.6,4.0,0,12,9.0,0,0,1,1.1,40,DEF,0.8
Ben,Johnson,0,0,0,0,0,0.0,0.0,0.0,0,0,0.0,0,0,0,0.1,40,DEF,0.0
Darnell,Furlong,0,0,1,17,1,0.5,5.0,0.0,0,-1,0.6,0,0,0,0.6,39,DEF,0.3
Marcelino,Núñez,0,0,6,140,4,19.4,24.6,6.0,0,32,5.0,0,0,0,0.1,49,MID,1.2
Azor,Matusiwa,0,0,0,0,0,0.0,0.0,0.0,0,0,0.0,0,0,0,0.0,49,MID,0.0
Wes,Burns,0,0,0,0,0,0.0,0.0,0.0,0,0,0.0,0,0,0,0.0,50,MID,0.0
Jack,Taylor,0,0,0,0,0,0.0,0.0,0.0,0,0,0.0,0,0,0,0.0,45,MID,0.0
Jack,Clarke,1,0,11,170,2,25.3,42.0,43.0,1,48,11.0,0,0,1,0.2,54,MID,2.0
Chiedozie,Ogbene,0,0,0,0,0,0.0,0.0,0.0,0,0,0.0,0,0,0,0.0,49,MID,0.0
Abdul,Fatawu,0,1,8,352,10,114.9,61.6,20.0,0,71,19.7,0,1,2,0.2,54,MID,1.5
Emersonn,Correia da Silva,2,1,26,317,6,49.8,96.4,83.0,6,110,22.9,0,0,0,3.4,55,FWD,4.7
George,Hirst,0,0,0,0,0,0.0,0.0,0.0,0,0,0.0,0,0,0,0.1,50,FWD,0.0
Jaden,Philogene,0,0,2,52,1,0.8,3.4,9.0,0,11,1.3,0,0,0,0.1,54,MID,0.4
Sam,Szmodics,0,0,0,0,0,0.0,0.0,0.0,0,0,0.0,0,0,0,0.0,50,MID,0.0
Chuba,Akpom,1,0,7,78,4,1.7,34.6,19.0,0,36,5.5,0,0,0,1.2,50,FWD,1.4
Sindre,Walle Egeli,0,0,1,10,0,0.1,0.0,0.0,0,3,0.0,0,0,0,3.6,45,FWD,0.2
Ali,Al-Hamadi,0,0,0,0,0,0.0,0.0,0.0,0,0,0.0,0,0,0,0.1,50,FWD,0.0
Kasey,McAteer,0,0,3,42,0,1.8,4.6,7.0,0,12,1.4,0,0,0,1.1,45,MID,0.7
Anis,Mehmeti,0,0,0,0,0,0.0,0.0,0.0,0,0,0.0,0,0,0,0.0,49,MID,0.0
Kayne,van Oevelen,0,0,0,0,0,0.0,0.0,0.0,0,0,0.0,0,0,0,0.0,45,GK,0.0
Daizen,Maeda,0,0,8,259,8,5.2,28.8,43.0,0,32,7.4,0,0,0,0.2,54,MID,1.5
Kjell,Scherpen,0,0,7,360,10,0.0,103.6,0.0,0,40,10.3,0,0,0,0.6,45,GK,1.6
Florentino Ibrain,Morris Luís,0,0,2,30,0,21.3,9.0,2.0,0,9,3.2,0,0,0,0.1,49,MID,0.4
Julio,Enciso,0,2,15,413,11,62.7,55.8,75.0,0,83,19.4,0,0,1,0.8,55,MID,2.7
Abdoul,Ouattara,0,0,6,131,2,24.8,11.6,0.0,0,29,3.6,0,0,0,0.9,40,DEF,1.5
Cameron,Humphreys,0,0,0,0,0,0.0,0.0,0.0,0,0,0.0,0,0,0,0.0,45,MID,0.0
Exequiel,Palacios,0,0,11,275,7,40.4,45.4,4.0,0,66,9.0,0,0,0,0.1,50,MID,2.2
Zian,Flemming,1,0,6,60,1,1.8,38.2,51.0,0,36,9.1,0,0,1,0.1,55,FWD,1.1
Harry,Wilson,0,0,5,145,1,52.4,19.2,12.0,0,19,8.5,1,0,1,2.0,62,MID,0.8
Lucas Estella,Perri,0,0,0,0,0,0.0,0.0,0.0,0,0,0.0,0,0,0,0.3,45,GK,0.0
Jaka,Bijol,0,0,12,164,2,0.6,38.2,15.0,2,29,5.4,1,0,0,0.7,50,DEF,2.4
Joe,Rodon,0,0,7,123,0,14.7,23.0,7.0,0,25,4.5,1,0,0,0.8,43,DEF,1.6
Jayden,Bogle,2,0,37,299,1,32.6,108.8,108.0,6,108,24.9,3,0,1,6.1,46,DEF,8.0
Gabriel,Gudmundsson,0,0,8,162,1,9.8,22.6,6.0,0,35,3.9,1,0,0,0.1,45,DEF,1.8
James,Justin,0,0,18,360,3,41.2,84.4,36.0,2,60,16.1,1,0,0,1.5,45,DEF,4.0
Sebastiaan,Bornauw,0,0,0,0,0,0.0,0.0,0.0,0,0,0.0,0,0,0,0.0,45,DEF,0.0
Tarik,Muharemović,0,1,21,360,3,12.7,133.4,23.0,0,79,16.9,1,0,0,4.3,50,DEF,4.2
Anton,Stach,1,0,22,357,2,76.2,99.8,51.0,3,73,22.7,2,0,0,2.6,60,MID,3.7
Noah,Okafor,1,0,15,224,1,39.9,59.2,37.0,1,65,13.6,2,0,0,0.4,58,MID,2.6
Brenden,Aaronson,0,0,6,172,3,3.0,10.4,9.0,0,31,2.3,1,0,0,0.5,54,MID,1.1
Ethan,Ampadu,0,1,16,360,3,42.9,69.8,5.0,0,68,11.8,1,0,0,0.9,54,MID,3.0
Sean,Longstaff,0,0,2,10,1,0.2,0.0,0.0,0,7,0.0,0,0,0,0.1,49,MID,0.4
Wilfried,Gnonto,0,0,0,0,0,0.0,0.0,0.0,0,0,0.0,0,0,0,0.0,50,MID,0.0
Jack,Harrison,0,0,0,0,0,0.0,0.0,0.0,0,0,0.0,0,0,0,0.0,50,MID,0.0
Daniel,James,0,0,2,29,1,1.1,0.0,15.0,0,6,1.4,0,0,0,0.1,49,MID,0.4
Ilia,Gruev,0,0,0,0,0,0.0,0.0,0.0,0,0,0.0,0,0,0,0.0,50,MID,0.0
Tanaka,Ao,0,2,12,188,1,17.1,50.0,15.0,0,48,8.2,1,0,0,0.3,49,MID,2.4
Dominic,Calvert-Lewin,2,1,20,329,2,28.3,93.8,134.0,4,66,25.1,2,0,3,25.7,60,FWD,3.3
Lukas,Nmecha,0,1,6,50,1,22.4,18.4,15.0,0,24,5.5,0,0,0,0.5,54,FWD,1.1
Joël,Piroe,0,0,0,0,0,0.0,0.0,0.0,0,0,0.0,0,0,0,0.1,50,FWD,0.0
Mateo,Joseph Fernández-Regatillo,0,0,0,0,0,0.0,0.0,0.0,0,0,0.0,0,0,0,0.1,45,FWD,0.0
James,Trafford,0,0,18,360,3,0.0,120.8,0.0,2,83,12.1,1,0,0,5.4,50,GK,3.6
Nico,Elvedi,0,0,7,236,3,23.1,62.2,22.0,0,29,10.8,0,0,0,0.1,45,DEF,1.6
Jayden,Lienou,0,0,0,0,0,0.0,0.0,0.0,0,0,0.0,0,0,0,0.1,40,DEF,0.0
Alfie,Cresswell,0,0,0,0,0,0.0,0.0,0.0,0,0,0.0,0,0,0,0.1,45,MID,0.0
Alex,Cairns,0,0,0,0,0,0.0,0.0,0.0,0,0,0.0,0,0,0,0.2,40,GK,0.0
Michael,Zetterer,0,0,0,0,0,0.0,0.0,0.0,0,0,0.0,0,0,0,0.7,40,GK,0.0
Melvin,Bard,0,0,1,18,1,10.3,4.4,0.0,0,1,1.5,0,0,0,0.0,45,DEF,0.2
Jean-Mattéo,Bahoya,0,0,0,0,0,0.0,0.0,0.0,0,0,0.0,0,0,0,0.0,50,MID,0.0
Alisson,Becker,0,0,19,360,4,0.0,76.8,0.0,3,66,7.7,2,0,1,3.9,55,GK,3.5
Giorgi,Mamardashvili,0,0,0,0,0,0.0,0.0,0.0,0,0,0.0,0,0,0,0.1,49,GK,0.0
Freddie,Woodman,0,0,0,0,0,0.0,0.0,0.0,0,0,0.0,0,0,0,1.0,40,GK,0.0
Armin,Pecsi,0,0,0,0,0,0.0,0.0,0.0,0,0,0.0,0,0,0,0.0,40,GK,0.0
Vitezslav,Jaros,0,0,0,0,0,0.0,0.0,0.0,0,0,0.0,0,0,0,0.0,40,GK,0.0
Harvey,Davies,0,0,0,0,0,0.0,0.0,0.0,0,0,0.0,0,0,0,0.2,40,GK,0.0
Virgil,van Dijk,0,0,17,360,4,20.5,99.2,26.0,0,70,14.6,2,0,1,16.3,65,DEF,2.6
Jeremie,Frimpong,0,0,2,178,4,76.5,39.4,16.0,0,24,13.2,0,0,1,1.8,53,DEF,0.4
Milos,Kerkez,0,0,7,295,4,45.0,65.6,12.0,0,41,12.3,1,0,2,2.3,54,DEF,1.3
Joe,Gomez,0,0,0,0,0,0.0,0.0,0.0,0,0,0.0,0,0,0,0.0,49,DEF,0.0
Conor,Bradley,0,0,0,0,0,0.0,0.0,0.0,0,0,0.0,0,0,0,0.0,50,DEF,0.0
Wellity,Lucky,0,0,0,0,0,0.0,0.0,0.0,0,0,0.0,0,0,0,0.1,40,DEF,0.0
Jeremy,Jacquet,0,0,18,325,4,42.8,86.2,4.0,3,86,13.3,2,0,1,3.3,50,DEF,3.6
Giovanni,Leoni,0,0,0,0,0,0.0,0.0,0.0,0,0,0.0,0,0,0,0.0,40,DEF,0.0
Kostas,Tsimikas,0,0,2,64,0,2.9,6.4,9.0,0,6,1.8,0,0,0,0.1,49,DEF,0.4
Calvin,Ramsay,0,0,0,0,0,0.0,0.0,0.0,0,0,0.0,0,0,0,0.1,40,DEF,0.0
Florian,Wirtz,0,1,12,332,4,108.0,51.8,85.0,0,67,24.5,2,0,1,6.0,73,MID,1.6
Cody,Gakpo,1,3,29,280,4,105.8,117.6,63.0,5,100,28.6,1,0,0,12.8,72,MID,4.0
Dominik,Szoboszlai,1,0,18,360,4,173.4,107.2,55.0,1,98,33.6,2,0,0,34.4,70,MID,2.6
Rio,Ngumoha,0,0,4,99,2,8.1,4.4,11.0,0,13,2.1,0,0,0,0.5,57,MID,0.7
Federico,Chiesa,0,0,0,0,0,0.0,0.0,0.0,0,0,0.0,0,0,0,0.0,53,MID,0.0
Ryan,Gravenberch,0,1,8,181,2,41.2,50.6,6.0,0,48,9.8,0,0,0,1.2,58,MID,1.4
Alexis,Mac Allister,0,0,6,216,2,44.3,44.2,22.0,0,40,11.0,1,0,1,1.3,54,MID,1.1
Curtis,Jones,0,0,0,0,0,0.0,0.0,0.0,0,0,0.0,0,0,0,0.0,55,MID,0.0
Endo,Wataru,0,0,0,0,0,0.0,0.0,0.0,0,0,0.0,0,0,0,0.1,49,MID,0.0
Trey,Nyoni,0,0,2,19,0,2.3,6.6,0.0,0,6,0.9,0,0,0,0.0,49,MID,0.4
Stefan,Bajčetić Maquieira,0,0,0,0,0,0.0,0.0,0.0,0,0,0.0,0,0,0,0.0,50,MID,0.0
Victor,Munoz,1,1,14,239,2,31.4,50.4,86.0,0,53,16.8,1,0,1,1.0,65,MID,2.2
James,McConnell,0,0,0,0,0,0.0,0.0,0.0,0,0,0.0,0,0,0,0.2,44,MID,0.0
Alexander,Isak,3,0,25,333,4,34.1,113.6,176.0,5,102,32.3,2,0,0,21.9,91,FWD,2.7
Hugo,Ekitiké,0,0,0,0,0,0.0,0.0,0.0,0,0,0.0,0,0,0,0.1,74,FWD,0.0
Lewis,Koumas,0,0,2,13,0,0.5,1.2,7.0,0,7,0.9,0,0,0,0.0,50,MID,0.4
Jayden,Danns,0,0,0,0,0,0.0,0.0,0.0,0,0,0.0,0,0,0,0.2,45,FWD,0.0
Harvey,Elliott,0,0,0,0,0,0.0,0.0,0.0,0,0,0.0,0,0,0,0.0,54,MID,0.0
Ronald,Araujo,0,0,15,194,0,7.7,48.8,4.0,0,53,6.0,2,0,1,2.9,54,DEF,2.8
Bradley,Barcola,0,0,4,97,0,24.1,8.6,10.0,0,14,4.3,1,0,0,1.9,80,MID,0.5
Enzo,Fernández,0,0,6,181,0,51.6,24.0,33.0,0,40,10.8,2,0,1,3.5,69,MID,0.9
Iliman,Ndiaye,0,1,17,311,1,74.0,70.2,70.0,1,79,21.5,2,0,0,7.2,58,MID,2.9
Gianluigi,Donnarumma,0,0,17,360,2,0.0,81.0,0.0,0,75,8.2,2,0,0,7.8,55,GK,3.1
Marcus,Bettinelli,0,0,0,0,0,0.0,0.0,0.0,0,0,0.0,0,0,0,0.0,45,GK,0.0
Nico,O'Reilly,0,0,5,158,2,38.7,12.4,16.0,0,19,6.7,0,0,0,11.5,64,DEF,0.8
Marc,Guéhi,1,0,26,360,2,43.5,113.2,32.0,4,101,18.8,2,0,0,18.6,60,DEF,4.3
Matheus,Nunes,0,0,10,123,0,3.0,35.0,4.0,1,38,4.2,1,0,0,1.0,59,DEF,1.7
Rúben,dos Santos Gato Alves Dias,0,0,16,360,2,47.0,89.4,39.0,0,79,17.5,2,0,0,1.9,55,DEF,2.9
Joško,Gvardiol,1,2,33,344,2,52.1,110.4,30.0,6,113,19.3,2,0,1,26.0,57,DEF,5.8
Rayan,Aït-Nouri,0,0,0,0,0,0.0,0.0,0.0,0,0,0.0,0,0,0,0.4,53,DEF,0.0
Abdukodir,Khusanov,0,0,9,268,2,12.6,51.6,4.0,0,53,6.8,1,0,1,1.4,54,DEF,1.7
Max,Alleyne,0,0,0,0,0,0.0,0.0,0.0,0,0,0.0,0,0,0,0.0,50,DEF,0.0
Rico,Lewis,0,0,1,56,1,3.8,3.8,39.0,0,-1,4.7,0,0,0,0.2,44,DEF,0.2
Vitor,de Oliveira Nunes dos Reis,0,0,1,1,0,0.9,1.2,0.0,0,3,0.2,0,0,0,0.0,45,DEF,0.2
Antoine,Semenyo,0,2,16,360,2,113.9,59.8,88.0,0,82,26.2,2,0,0,14.7,84,MID,1.9
Phil,Foden,0,2,9,217,2,122.3,57.6,45.0,1,52,22.3,0,1,1,2.0,69,MID,1.3
Rayan,Cherki,2,2,26,218,1,155.4,123.0,81.0,4,115,36.0,1,0,1,27.9,78,MID,3.3
Jérémy,Doku,0,0,0,0,0,0.0,0.0,0.0,0,0,0.0,0,0,0,0.7,74,MID,0.0
Rodrigo 'Rodri',Hernandez Cascante,0,0,0,0,0,0.0,0.0,0.0,0,0,0.0,0,0,0,0.0,65,MID,0.0
Tijjani,Reijnders,0,0,0,0,0,0.0,0.0,0.0,0,0,0.0,0,0,0,0.0,60,MID,0.0
Mateo,Kovačić,0,0,2,42,0,5.2,4.2,0.0,0,12,0.9,0,0,0,0.1,54,MID,0.4
Claudio,Echeverri,0,0,0,0,0,0.0,0.0,0.0,0,0,0.0,0,0,0,0.0,49,MID,0.0
Kalvin,Phillips,0,0,0,0,0,0.0,0.0,0.0,0,0,0.0,0,0,0,0.0,50,MID,0.0
Divine,Mukasa,0,0,0,0,0,0.0,0.0,0.0,0,0,0.0,0,0,0,0.1,45,MID,0.0
Jeremy,Monga,0,0,0,0,0,0.0,0.0,0.0,0,0,0.0,0,0,0,0.0,49,MID,0.0
Erling,Haaland,4,0,33,360,2,20.5,155.6,201.0,9,142,37.7,2,0,0,73.3,156,FWD,2.1
Elliot,Anderson,0,0,13,323,2,72.4,74.0,18.0,0,80,16.5,2,0,1,4.2,63,MID,2.1
Gerónimo,Rulli,0,0,0,0,0,0.0,0.0,0.0,0,0,0.0,0,0,0,0.0,50,GK,0.0
Ayyoub,Bouaddi,0,0,2,22,0,4.8,13.0,0.0,0,8,1.8,0,0,0,0.2,55,MID,0.4
Ryan,McAidoo,0,0,2,11,0,0.5,5.2,3.0,0,8,0.8,0,0,0,0.1,45,MID,0.4
Kaden,Braithwaite,0,0,1,1,0,0.8,0.6,0.0,0,3,0.1,0,0,0,0.2,40,DEF,0.2
Allan,Andrade Elias,0,0,0,0,0,0.0,0.0,0.0,0,0,0.0,0,0,0,0.0,60,MID,0.0
Floyd,Samba,0,0,0,0,0,0.0,0.0,0.0,0,0,0.0,0,0,0,0.0,45,MID,0.0
Youri,Tielemans,0,0,10,312,7,90.3,69.0,37.0,0,71,19.7,0,0,0,1.5,58,MID,1.7
Carlos,Baleba,0,0,0,0,0,0.0,0.0,0.0,0,0,0.0,0,0,0,0.1,49,MID,0.0
Andrey,Nascimento dos Santos,0,0,4,82,4,5.5,24.8,8.0,0,23,3.9,0,0,0,0.6,48,MID,0.8
Karl,Darlow,0,0,0,0,0,0.0,0.0,0.0,0,0,0.0,0,0,0,0.0,45,GK,0.0
Senne,Lammens,0,0,7,360,7,0.0,85.6,0.0,0,36,8.6,0,0,0,10.3,49,GK,1.4
Altay,Bayındır,0,0,0,0,0,0.0,0.0,0.0,0,0,0.0,0,0,0,0.0,45,GK,0.0
Tom,Heaton,0,0,0,0,0,0.0,0.0,0.0,0,0,0.0,0,0,0,0.1,40,GK,0.0
Patrick,Dorgu,0,0,6,165,6,32.9,30.8,61.0,0,15,11.5,0,0,1,0.5,58,MID,1.0
Matthijs,de Ligt,0,0,0,0,0,0.0,0.0,0.0,0,0,0.0,0,0,0,0.0,50,DEF,0.0
Diogo,Dalot Teixeira,0,0,6,256,3,92.7,35.0,42.0,0,35,17.1,0,0,1,1.7,49,DEF,1.2
Harry,Maguire,0,1,8,360,7,33.0,68.8,38.0,0,33,14.0,0,0,2,9.2,49,DEF,1.6
Lisandro,Martínez,0,0,6,270,5,5.5,54.0,10.0,0,23,7.0,0,0,0,1.3,50,DEF,1.2
Leny,Yoro,0,0,2,22,2,2.4,7.8,2.0,0,-1,1.3,0,0,0,0.5,48,DEF,0.4
Ayden,Heaven,0,0,1,90,2,2.6,6.8,11.0,0,5,2.0,0,0,0,0.3,44,DEF,0.2
Noussair,Mazraoui,0,0,3,97,4,31.2,21.0,11.0,0,6,6.4,0,0,0,0.5,44,DEF,0.7
Luke,Shaw,0,1,7,252,4,85.6,86.0,13.0,0,47,18.4,0,0,1,8.2,43,DEF,1.6
Harry,Amass,0,0,0,0,0,0.0,0.0,0.0,0,0,0.0,0,0,0,0.2,40,DEF,0.0
Tyler,Fredricson,0,0,0,0,0,0.0,0.0,0.0,0,0,0.0,0,0,0,0.0,40,DEF,0.0
Bruno,Borges Fernandes,3,1,29,360,7,182.9,173.0,104.0,3,133,46.0,0,0,0,39.8,120,MID,2.4
Bryan,Mbeumo,2,1,23,360,7,117.9,106.2,126.0,3,87,35.1,0,0,1,21.4,79,MID,2.9
Matheus,Santos Carneiro da Cunha,0,2,16,317,4,76.3,30.6,88.0,1,63,19.6,1,0,0,5.7,79,MID,2.0
Marcus,Rashford,0,0,8,275,2,109.5,36.8,99.0,0,43,24.5,1,0,0,1.6,70,MID,1.1
Mason,Mount,0,0,0,0,0,0.0,0.0,0.0,0,0,0.0,0,0,0,0.0,54,MID,0.0
Amad,Diallo,0,0,0,0,0,0.0,0.0,0.0,0,0,0.0,0,0,0,0.3,57,MID,0.0
Kobbie,Mainoo,0,1,18,275,3,71.4,72.0,12.0,2,84,15.5,0,0,0,1.6,55,MID,3.3
Manuel,Ugarte Ribeiro,0,0,0,0,0,0.0,0.0,0.0,0,0,0.0,0,0,0,0.0,50,MID,0.0
Jack,Fletcher,0,0,0,0,0,0.0,0.0,0.0,0,0,0.0,0,0,0,0.0,49,MID,0.0
Shea,Lacey,0,0,1,10,0,0.6,0.2,0.0,0,3,0.1,0,0,0,0.1,49,MID,0.2
Toby,Collyer,0,0,0,0,0,0.0,0.0,0.0,0,0,0.0,0,0,0,0.0,50,MID,0.0
Bendito,Mantato,0,0,0,0,0,0.0,0.0,0.0,0,0,0.0,0,0,0,0.2,45,MID,0.0
Tyler,Fletcher,0,0,0,0,0,0.0,0.0,0.0,0,0,0.0,0,0,0,0.3,44,MID,0.0
Benjamin,Sesko,1,0,8,76,3,11.9,34.6,36.0,0,39,8.2,0,0,0,1.8,70,FWD,1.1
Joshua,Zirkzee,0,0,1,7,0,4.8,4.4,0.0,0,4,0.9,0,0,0,0.4,53,FWD,0.2
Chido,Obi,0,0,0,0,0,0.0,0.0,0.0,0,0,0.0,0,0,0,1.0,45,FWD,0.0
Nico,González Iglesias,0,0,5,164,2,42.0,13.4,2.0,0,23,5.8,1,0,1,0.2,55,MID,0.9
Nick,Pope,0,0,0,0,0,0.0,0.0,0.0,0,0,0.0,0,0,0,1.0,49,GK,0.0
Mark,Gillespie,0,0,0,0,0,0.0,0.0,0.0,0,0,0.0,0,0,0,0.0,45,GK,0.0
Ewen,Jaouen,0,0,0,0,0,0.0,0.0,0.0,0,0,0.0,0,0,0,0.0,44,GK,0.0
Malick,Thiaw,0,0,14,450,9,14.9,74.8,2.0,0,32,9.2,1,0,0,2.2,50,DEF,2.8
Fabian,Schär,0,0,2,25,2,0.0,0.0,0.0,0,0,0.0,0,0,0,0.2,49,DEF,0.4
Sven,Botman,0,0,15,450,9,3.3,100.8,6.0,0,48,11.1,1,0,1,0.7,50,DEF,3.0
Dan,Burn,0,0,0,0,0,0.0,0.0,0.0,0,0,0.0,0,0,0,0.8,49,DEF,0.0
Lewis,Hall,1,1,30,449,9,59.8,110.0,14.0,5,124,18.3,1,0,0,15.1,52,DEF,5.8
Tino,Livramento,0,1,4,33,1,3.8,5.0,4.0,0,12,1.3,0,0,1,0.1,49,DEF,0.8
Alex,Murphy,0,0,0,0,0,0.0,0.0,0.0,0,0,0.0,0,0,0,0.1,40,DEF,0.0
Harvey,Barnes,1,3,28,450,9,44.1,57.6,69.0,3,105,17.1,1,0,0,4.6,61,MID,4.6
Anthony,Elanga,2,0,18,232,3,50.6,82.6,61.0,2,71,19.4,1,0,1,5.6,61,MID,3.0
Jacob,Ramsey,1,0,7,69,1,6.3,40.4,21.0,0,26,6.7,0,0,1,0.3,49,MID,1.4
Jacob,Murphy,0,0,3,181,5,7.2,3.6,6.0,0,21,1.6,0,0,3,0.1,59,MID,0.5
Joelinton Cássio,Apolinário de Lira,0,0,0,0,0,0.0,0.0,0.0,0,0,0.0,0,0,0,0.0,54,MID,0.0
Lewis,Miley,0,0,12,396,8,41.7,36.6,5.0,0,68,8.3,1,0,1,0.1,55,MID,2.2
Joe,Willock,2,0,22,284,5,33.7,52.0,46.0,3,80,12.4,1,0,0,0.5,50,MID,4.4
Bazoumana,Touré,1,0,8,50,1,5.3,36.6,21.0,0,29,6.3,0,0,0,0.1,58,MID,1.4
Sean,Steur,0,0,8,223,5,21.9,19.4,0.0,0,42,4.2,1,0,0,0.1,49,MID,1.6
Nick,Woltemade,0,1,4,19,0,10.5,18.2,11.0,0,18,4.0,0,0,0,0.5,59,FWD,0.7
Yoane,Wissa,1,1,15,441,8,55.4,57.8,86.0,2,54,19.9,1,0,2,19.2,62,FWD,2.4
William,Osula,0,1,4,55,1,13.7,28.2,8.0,0,18,5.0,0,0,0,0.3,58,FWD,0.7
Sean,Neave,0,0,0,0,0,0.0,0.0,0.0,0,0,0.0,0,0,0,0.5,45,FWD,0.0
Aladji,Bamba,0,0,3,27,1,0.3,5.4,0.0,0,12,0.6,0,0,0,0.1,49,MID,0.6
Lukás,Hornícek,0,0,14,450,9,0.0,138.6,0.0,0,71,13.8,1,0,1,1.5,50,GK,2.8
Amar,Dedic,0,1,13,327,7,40.7,70.0,15.0,2,36,12.6,1,0,0,2.1,45,DEF,2.9
Leo,Shahar,0,0,0,0,0,0.0,0.0,0.0,0,0,0.0,0,0,0,0.2,40,DEF,0.0
Matias,Fernandez-Pardo,0,0,4,157,4,11.7,2.2,10.0,0,16,2.4,0,0,0,0.1,60,FWD,0.7
Mason,Miley,0,0,0,0,0,0.0,0.0,0.0,0,0,0.0,0,0,0,0.0,45,MID,0.0
Liam,Delap,1,0,9,190,2,43.5,35.0,50.0,0,43,12.8,1,0,1,2.9,56,FWD,1.6
Daniel,Muñoz Mejía,0,0,4,178,3,58.5,35.2,64.0,0,27,15.8,0,0,0,5.9,54,DEF,0.7
Matz,Sels,0,0,13,363,4,0.0,68.2,0.0,0,60,6.8,1,0,0,1.6,50,GK,2.6
John Victor,Maciel Furtado,0,0,0,0,0,0.0,0.0,0.0,0,0,0.0,0,0,0,0.1,45,GK,0.0
Neco,Williams,0,1,18,363,4,61.9,69.8,26.0,1,69,15.8,1,0,0,9.1,50,DEF,3.6
Felipe,Rodrigues da Silva,0,0,0,0,0,0.0,0.0,0.0,0,0,0.0,0,0,0,0.0,50,DEF,0.0
Nikola,Milenković,0,0,12,270,3,1.4,53.2,16.0,0,34,7.0,1,0,1,1.1,54,DEF,2.2
Murillo,Costa dos Santos,0,1,20,362,4,38.3,94.2,18.0,0,63,15.1,1,0,1,2.1,55,DEF,3.6
Ola,Aina,0,0,8,306,3,53.3,58.2,15.0,0,45,12.7,1,0,2,2.6,45,DEF,1.8
Jair,Paula da Cunha Filho,0,0,11,273,3,2.4,55.4,1.0,0,40,5.9,1,0,1,0.2,45,DEF,2.4
Nicolò,Savona,0,0,0,0,0,0.0,0.0,0.0,0,0,0.0,0,0,0,0.0,45,DEF,0.0
Omar,Richards,0,0,0,0,0,0.0,0.0,0.0,0,0,0.0,0,0,0,0.2,40,DEF,0.0
Zach,Abbott,0,0,0,0,0,0.0,0.0,0.0,0,0,0.0,0,0,0,0.1,40,DEF,0.0
Luca,Netz,0,0,2,20,1,0.9,2.0,0.0,0,3,0.3,0,0,0,0.0,44,DEF,0.5
Tyler,Bindon,0,0,0,0,0,0.0,0.0,0.0,0,0,0.0,0,0,0,0.1,40,DEF,0.0
Morgan,Gibbs-White,1,2,27,363,4,123.3,101.0,72.0,6,95,29.6,1,0,0,16.0,80,MID,3.4
Callum,Hudson-Odoi,0,0,1,1,0,0.3,0.0,0.0,0,2,0.0,0,0,0,0.2,58,MID,0.2
Dan,Ndoye,1,0,15,261,2,38.3,37.6,74.0,2,44,14.7,1,0,1,0.8,55,MID,2.7
Omari,Hutchinson,0,0,0,0,0,0.0,0.0,0.0,0,0,0.0,0,0,0,0.1,54,MID,0.0
Dilane,Bakwa,0,0,0,0,0,0.0,0.0,0.0,0,0,0.0,0,0,0,0.0,55,MID,0.0
James,McAtee,0,0,11,337,3,147.8,48.8,20.0,0,79,21.7,2,0,2,0.1,55,MID,2.0
Nicolás,Domínguez,0,0,1,1,0,0.0,0.2,0.0,0,3,0.0,0,0,0,0.1,49,MID,0.2
Ibrahim,Sangaré,0,0,3,98,1,13.4,20.2,5.0,0,12,3.9,0,0,0,0.4,49,MID,0.6
Ryan,Yates,0,0,0,0,0,0.0,0.0,0.0,0,0,0.0,0,0,0,1.2,45,MID,0.0
Chris,Wood,0,0,3,45,1,2.5,0.2,3.0,0,9,0.4,0,0,0,0.9,58,FWD,0.5
Igor Jesus,Maciel da Cruz,1,0,11,226,3,31.5,51.4,86.0,2,49,16.9,0,0,1,2.8,58,FWD,1.9
Arnaud,Kalimuendo,0,0,1,1,0,0.0,0.0,0.0,0,3,0.0,0,0,0,0.1,54,FWD,0.2
Xaver,Schlager,0,0,12,289,4,19.2,54.8,27.0,0,57,10.2,1,0,1,0.1,50,MID,2.4
Ousmane,Diomande,0,0,6,94,1,0.4,24.6,11.0,0,16,3.6,0,0,0,0.5,54,DEF,1.1
Steven,Benda,0,0,0,0,0,0.0,0.0,0.0,0,0,0.0,0,0,0,0.1,45,GK,0.0
Jan Paul,van Hecke,1,0,24,450,8,44.5,109.8,53.0,2,81,20.7,2,0,1,6.6,49,DEF,4.9
Tosin,Adarabioyo,0,0,1,5,0,0.2,9.0,0.0,0,5,0.9,0,0,0,0.2,44,DEF,0.2
Omar,Marmoush,0,0,8,339,5,49.1,12.4,52.0,0,40,11.1,2,0,0,2.2,70,FWD,1.1
Sávio,Moreira de Oliveira,0,0,8,240,3,71.0,27.0,43.0,0,65,14.2,2,0,0,0.7,65,MID,1.2
Sandro,Tonali,0,0,14,427,8,71.4,46.2,18.0,0,88,13.6,2,0,0,2.0,53,MID,2.6
Guglielmo,Vicario,0,0,0,0,0,0.0,0.0,0.0,0,0,0.0,0,0,0,0.1,45,GK,0.0
Brandon,Austin,0,0,0,0,0,0.0,0.0,0.0,0,0,0.0,0,0,0,1.0,40,GK,0.0
Antonín,Kinský,0,0,18,450,8,10.0,77.6,0.0,0,77,8.8,2,0,0,18.1,45,GK,4.0
Martin,Dubravka,0,0,0,0,0,0.0,0.0,0.0,0,0,0.0,0,0,0,17.4,40,GK,0.0
Marcos,Senesi Barón,0,0,3,90,3,2.2,36.6,0.0,0,10,3.9,0,0,0,3.7,58,DEF,0.5
Pedro,Porro Sauceda,0,0,9,198,2,43.7,22.6,27.0,1,33,9.3,1,0,0,8.2,54,DEF,1.7
Cristian,Romero,0,0,0,0,0,0.0,0.0,0.0,0,0,0.0,0,0,0,0.1,50,DEF,0.0
Andrew,Robertson,0,1,17,366,7,67.8,59.8,35.0,1,69,16.2,1,0,0,2.6,44,DEF,3.9
Micky,van de Ven,0,0,16,360,5,6.4,51.6,14.0,3,69,7.2,2,0,1,3.9,50,DEF,3.2
Djed,Spence,0,0,0,0,0,0.0,0.0,0.0,0,0,0.0,0,0,0,0.2,45,DEF,0.0
Destiny,Udogie,0,0,7,86,1,13.5,9.8,4.0,0,21,2.7,1,0,1,0.3,44,DEF,1.6
Ashley,Phillips,0,0,0,0,0,0.0,0.0,0.0,0,0,0.0,0,0,0,0.0,45,DEF,0.0
Ben,Davies,0,0,0,0,0,0.0,0.0,0.0,0,0,0.0,0,0,0,0.8,39,DEF,0.0
Jun'ai,Byfield,0,0,0,0,0,0.0,0.0,0.0,0,0,0.0,0,0,0,0.1,40,DEF,0.0
James,Rowswell,0,0,0,0,0,0.0,0.0,0.0,0,0,0.0,0,0,0,0.1,40,DEF,0.0
João Victor,de Souza Menezes,0,0,0,0,0,0.0,0.0,0.0,0,0,0.0,0,0,0,0.2,40,DEF,0.0
Mohammed,Kudus,0,1,7,123,3,31.2,12.4,19.0,0,47,6.3,0,0,0,0.1,65,MID,1.1
Xavi,Simons,0,0,0,0,0,0.0,0.0,0.0,0,0,0.0,0,0,0,0.0,59,MID,0.0
Mathys,Tel,0,0,8,257,4,52.7,21.6,72.0,0,41,14.6,1,0,0,0.2,57,MID,1.4
James,Maddison,0,0,3,59,2,12.1,11.2,8.0,0,18,3.2,0,0,0,0.4,63,MID,0.5
Rodrigo,Bentancur,0,0,15,370,6,33.0,58.4,6.0,0,69,9.9,2,0,0,0.2,55,MID,2.7
Wilson,Odobert,0,0,0,0,0,0.0,0.0,0.0,0,0,0.0,0,0,0,0.0,55,MID,0.0
Pape Matar,Sarr,0,0,0,0,0,0.0,0.0,0.0,0,0,0.0,0,0,0,0.1,49,MID,0.0
Conor,Gallagher,1,0,9,134,2,9.9,10.2,3.0,0,48,2.2,1,0,1,0.2,53,MID,1.7
Lucas,Bergvall,0,0,3,78,2,9.9,8.0,9.0,0,13,2.3,0,0,0,0.1,54,MID,0.6
Dejan,Kulusevski,0,0,0,0,0,0.0,0.0,0.0,0,0,0.0,0,0,0,0.0,65,MID,0.0
Archie,Gray,0,0,9,307,7,11.5,17.6,10.0,0,44,3.9,1,0,0,0.2,49,MID,1.8
Mikey,Moore,0,0,3,89,4,6.3,14.2,56.0,0,11,7.5,0,0,0,0.1,50,MID,0.6
Callum,Olusesi,0,0,0,0,0,0.0,0.0,0.0,0,0,0.0,0,0,0,1.0,44,MID,0.0
Mateus,Fernandes,0,0,7,249,4,86.9,24.2,25.0,0,50,13.5,1,0,1,0.8,58,MID,1.2
Dominic,Solanke-Mitchell,0,0,7,170,1,4.9,3.2,21.0,0,21,2.7,1,0,0,0.8,58,FWD,1.2
Richarlison,de Andrade,0,0,2,67,3,2.2,0.0,0.0,0,6,0.2,0,0,0,0.7,59,FWD,0.3
Dane,Scarlett,0,0,0,0,0,0.0,0.0,0.0,0,0,0.0,0,0,0,1.2,45,FWD,0.0
Mykhailo,Mudryk,0,0,1,16,0,0.1,0.0,2.0,0,3,0.1,0,0,0,0.0,54,MID,0.2
Luca,Williams-Barnett,0,0,0,0,0,0.0,0.0,0.0,0,0,0.0,0,0,0,0.1,45,MID,0.0
Kevin,Danso,0,0,3,180,3,21.9,37.6,2.0,0,15,6.2,0,0,0,0.2,50,DEF,0.6
Robin,Roefs,0,0,11,360,5,0.0,59.0,0.0,0,49,5.9,1,0,0,2.5,49,GK,2.2
Anthony,Patterson,0,0,0,0,0,0.0,0.0,0.0,0,0,0.0,0,0,0,0.1,40,GK,0.0
Melker,Ellborg,0,0,0,0,0,0.0,0.0,0.0,0,0,0.0,0,0,0,0.1,45,GK,0.0
Daniel,Ballard,0,0,12,360,5,23.5,75.8,24.0,0,43,12.3,1,0,2,2.6,49,DEF,2.4
Nordi,Mukiele,0,0,13,270,3,17.9,85.4,48.0,1,39,15.1,1,0,1,1.9,54,DEF,2.4
Trai,Hume,0,0,9,195,1,58.6,31.8,15.0,0,46,10.6,1,0,0,3.0,43,DEF,2.1
Omar,Alderete,0,0,1,23,1,0.6,0.0,0.0,0,2,0.0,0,0,0,0.2,49,DEF,0.2
Reinildo,Mandava,0,0,7,360,5,36.4,53.8,6.0,0,37,9.5,1,1,0,0.3,45,DEF,1.6
Jenson,Seelt,0,0,0,0,0,0.0,0.0,0.0,0,0,0.0,0,0,0,0.0,45,DEF,0.0
Leo Fuhr,Hjelde,0,0,0,0,0,0.0,0.0,0.0,0,0,0.0,0,0,0,0.0,40,DEF,0.0
Luke,O'Nien,0,0,1,66,1,1.4,11.4,4.0,0,1,1.7,0,0,1,2.4,39,DEF,0.3
Arthur,Masuaku,0,0,0,0,0,0.0,0.0,0.0,0,0,0.0,0,0,0,0.1,40,DEF,0.0
Thomas,Meunier,0,0,11,318,4,28.6,47.4,41.0,0,37,11.8,1,0,0,0.3,45,DEF,2.4
Enzo,Le Fée,1,0,13,348,4,64.5,54.8,80.0,1,57,20.1,1,0,0,3.4,57,MID,2.3
Habib,Diarra,0,1,5,28,1,10.9,15.6,2.0,0,18,2.9,0,0,0,0.0,54,MID,0.9
Granit,Xhaka,0,1,19,360,5,153.8,69.0,3.0,5,91,22.6,1,0,2,3.8,55,MID,3.5
Noah,Sadiki,0,0,8,343,5,56.2,52.8,80.0,0,66,18.9,1,0,1,0.2,49,MID,1.6
Simon,Adingra,0,0,0,0,0,0.0,0.0,0.0,0,0,0.0,0,0,0,0.0,49,MID,0.0
Romaine,Mundle,0,0,1,1,0,0.1,8.0,17.0,0,2,2.5,0,0,0,0.0,49,MID,0.2
Chris,Rigg,0,0,2,17,1,0.3,0.0,0.0,0,6,0.0,0,0,0,0.0,49,MID,0.4
Chemsdine,Talbi,0,0,1,31,1,0.9,0.0,0.0,0,1,0.0,0,0,0,0.1,53,MID,0.2
Djiamgone Jocelin Ta,Bi,0,0,0,0,0,0.0,0.0,0.0,0,0,0.0,0,0,0,0.0,50,MID,0.0
Nilson,Angulo,1,0,12,254,3,26.6,50.8,34.0,0,54,11.1,1,0,1,0.1,50,MID,2.4
Brian,Brobbey,0,0,7,309,4,52.9,4.4,58.0,0,21,11.3,1,0,1,5.4,57,FWD,1.2
Wilson,Isidor,1,1,14,95,2,0.7,30.6,35.0,3,48,6.6,0,0,0,1.3,55,FWD,2.5
Dayann,Méthalie,0,0,0,0,0,0.0,0.0,0.0,0,0,0.0,0,0,0,0.0,45,DEF,0.0
Jules,Ahoka,0,0,0,0,0,0.0,0.0,0.0,0,0,0.0,0,0,0,0.2,45,MID,0.0
Malick,Fofana,0,0,2,30,1,1.3,0.0,6.0,0,5,0.7,0,0,0,0.0,55,MID,0.4
Juan,Angulo,0,0,0,0,0,0.0,0.0,0.0,0,0,0.0,0,0,0,0.7,45,FWD,0.0
